{
  "id": "2721285",
  "name": "no name",
  "font_family": "iconfont",
  "css_prefix_text": "icon-",
  "description": "",
  "glyphs": [
    {
      "icon_id": "3889117",
      "name": "people",
      "font_class": "people",
      "unicode": "e666",
      "unicode_decimal": 58982
    },
    {
      "icon_id": "8860632",
      "name": "list",
      "font_class": "list",
      "unicode": "e604",
      "unicode_decimal": 58884
    },
    {
      "icon_id": "10344173",
      "name": " Music Note II",
      "font_class": "MusicNoteII",
      "unicode": "e768",
      "unicode_decimal": 59240
    },
    {
      "icon_id": "14456261",
      "name": "album",
      "font_class": "album",
      "unicode": "e656",
      "unicode_decimal": 58966
    }
  ]
}
